1,Alice,Smith,alice@example.com,wa
2,Bob,Johnson,missing_email@client.com,wa
3,Charlie,Williams,charlie@example.com,Wa
4,Diana,Brown,diana@example.com,OR
5,Evan,Davis,evan@example.com,or
6,Fiona,Miller,missing_email@client.com,Or
7,George,Wilson,george@example.com,CA
8,Hannah,Moore,hannah@example.com,ca
9,Ian,Taylor,missing_email@client.com,cA
10,Jack,Anderson,jack@example.com,tx
11,Karen,Thomas,missing_email@client.com,Tx
12,Leo,Jackson,leo@example.com,ny
13,Mia,White,mia@example.com,NY
14,Nina,Harris,nina@example.com,Ny
15,Oscar,Martin,missing_email@client.com,FL
16,Paul,Thompson,paul@example.com,fl
17,Quinn,Garcia,quinn@example.com,Fl
18,Rose,Martinez,missing_email@client.com,fL
